file_resid,canon_resid,name,label,r,abs_r,domain_label,rmsf,theta_se
51,51,HIS,NS3:51,0.43000000000000005,0.43000000000000005,NS3pro,0.9500000000000001,0.05
200,200,LYS,NS3:200,-0.17,0.17,NS3pro,0.9500000000000001,0.05
